name,id,RS0015,RS0083,RS0095,RS0109,RS0175,RS0237,RS0307,RS0332,RS0343,RS0384,RS0406,RS0451,RS0468,RS0548,RS0578,RS0584,RS0639,RS0707,RS0708,RS0730
1700022I11Rik,ENSMUST00000030163,0,0,1,0,0,0,0,0,0,0,0,0,1,0,0,1,0,0,0,0
1810046K07Rik,ENSMUST00000039959,0,0,0,0,1,1,1,0,0,0,0,0,0,0,0,0,0,0,0,1
5031425F14Rik,ENSMUST00000127920,0,1,0,0,0,0,0,0,0,1,0,0,1,0,0,0,0,0,0,1
5730522E02Rik,ENSMUST00000109511,0,0,0,0,0,0,0,0,0,0,1,1,0,0,0,0,0,1,0,0
Acta2,ENSMUST00000039631,0,1,0,0,0,0,1,0,0,0,0,1,0,0,0,1,0,0,0,0
Adam2,ENSMUST00000022618,0,0,0,1,1,0,0,0,0,0,0,0,0,0,1,0,1,0,0,0
Adamts2,ENSMUST00000040523,0,0,0,0,0,0,1,0,0,0,0,1,1,0,0,0,0,0,1,0
Adamts4,ENSMUST00000111314,1,0,0,0,0,1,0,0,0,0,0,0,0,1,1,0,0,0,0,0
Adra1b,ENSMUST00000167574,0,0,0,0,0,0,0,0,1,1,0,1,0,0,0,0,0,0,0,0
Alk,ENSMUST00000086639,0,0,0,0,1,0,0,1,0,0,0,0,0,0,0,0,0,1,1,0
Ankfn1,ENSMUST00000169201,1,0,1,0,0,0,0,0,0,0,0,0,1,0,0,0,0,0,0,1
Ano4,ENSMUST00000182341,0,0,0,0,0,0,0,0,0,1,0,1,0,0,0,0,1,0,0,1
Aqp4,ENSMUST00000079081,1,0,0,0,0,0,1,0,1,0,0,0,1,0,0,0,0,0,0,0
Asic4,ENSMUST00000037708,0,0,0,0,1,0,1,0,1,0,0,0,0,0,0,0,0,0,1,0
B4galnt2,ENSMUST00000038343,0,0,0,0,0,0,0,0,1,0,0,0,0,0,0,0,1,1,0,0
B4galnt3,ENSMUST00000212457,0,0,0,0,0,0,0,0,0,0,0,0,0,0,0,0,0,1,0,1
Barx2,ENSMUST00000116615,1,0,0,0,0,0,0,0,0,0,0,0,0,1,0,0,0,1,0,1
Bcl11b,ENSMUST00000066060,1,0,0,0,0,0,0,0,0,0,1,0,0,0,1,0,0,0,0,0
Bdnf,ENSMUST00000111050,0,0,1,0,0,0,1,0,0,0,0,0,0,0,0,0,1,0,0,0
Bgn,ENSMUST00000033741,0,0,1,0,0,1,1,0,0,0,0,0,0,0,0,0,0,0,1,0
Blnk,ENSMUST00000117695,0,0,0,1,0,0,0,0,0,0,0,0,0,0,0,1,1,0,0,1
Bmpr1b,ENSMUST00000029948,0,0,0,0,0,1,0,1,0,1,0,0,0,0,0,0,0,0,0,1
Brinp3,ENSMUST00000074622,0,0,0,0,0,0,1,1,0,0,0,0,0,0,0,0,1,0,0,0
C1ql3,ENSMUST00000061545,0,0,0,0,0,0,0,0,0,1,1,0,1,0,0,0,0,0,0,0
C1qtnf7,ENSMUST00000076939,0,0,0,1,0,0,0,0,0,0,1,0,0,0,0,0,0,0,1,0
Cacng5,ENSMUST00000039071,0,0,0,0,0,0,1,0,0,0,0,0,0,1,0,0,0,0,0,1
Calb2,ENSMUST00000003754,0,0,0,1,0,0,1,0,0,0,0,0,0,0,0,0,1,1,0,0
Camk2d,ENSMUST00000106402,1,0,0,0,0,0,0,0,0,0,1,0,0,0,0,0,1,0,1,0
Car3,ENSMUST00000029076,0,0,0,0,0,0,1,0,0,0,0,0,0,0,0,1,0,0,0,0
Cbln2,ENSMUST00000169470,0,0,0,0,0,0,0,1,0,0,0,0,1,0,0,1,0,0,0,0
Cbln4,ENSMUST00000087950,1,0,0,1,0,0,0,0,1,0,0,0,0,0,0,0,0,0,0,1
Ccbe1,ENSMUST00000130300,1,1,1,0,0,0,0,0,0,1,0,0,0,0,0,0,0,0,0,0
Ccdc162,ENSMUST00000099932,0,0,1,0,0,0,0,0,1,0,0,0,0,0,0,1,0,1,0,0
Ccdc3,ENSMUST00000027988,0,0,1,0,1,1,0,0,1,0,0,0,0,0,0,0,0,0,0,0
Ccdc80,ENSMUST00000061050,0,0,0,0,0,0,0,1,1,0,0,0,0,1,0,0,0,0,0,0
Ccnb1,ENSMUST00000091295,0,1,0,0,1,0,0,0,0,0,1,1,0,0,0,0,0,0,0,0
Cd14,ENSMUST00000061829,0,0,0,0,0,1,0,0,0,0,0,1,0,0,0,1,0,0,0,0
Cd24a,ENSMUST00000058714,0,0,0,1,0,0,0,0,0,0,0,0,0,1,0,0,1,0,0,0
Cdca7,ENSMUST00000102691,1,0,0,0,1,0,1,0,0,0,0,1,0,0,0,0,0,0,0,0
Cdcp1,ENSMUST00000039229,0,0,0,0,0,0,0,0,0,0,0,1,0,0,0,1,1,0,1,0
Cdh12,ENSMUST00000227496,1,0,0,0,0,0,0,0,1,0,0,0,0,0,0,1,1,0,0,0
Cdh13,ENSMUST00000117160,0,0,0,0,0,1,0,0,0,0,0,0,1,0,1,0,1,0,0,0
Cdh20,ENSMUST00000062528,1,0,0,1,0,0,0,0,0,1,1,0,0,0,0,0,0,0,0,0
Cdh9,ENSMUST00000228307,1,0,0,1,0,0,0,0,0,0,0,0,1,0,0,0,0,0,0,0
Ceacam9,ENSMUST00000001984,0,0,0,0,1,0,1,1,0,1,0,0,0,0,0,0,0,0,0,0
Cemip,ENSMUST00000064174,1,0,0,0,0,0,1,0,0,0,0,0,0,0,0,0,0,0,0,1
Chat,ENSMUST00000070125,0,0,1,1,0,0,0,0,0,0,0,0,0,0,0,0,0,1,0,0
Chn2,ENSMUST00000067741,0,0,0,1,0,0,0,1,0,0,0,0,0,0,0,0,0,0,0,1
Chodl,ENSMUST00000023568,0,0,0,0,1,0,0,0,1,1,0,0,0,0,0,0,0,1,0,0
Chrm2,ENSMUST00000172278,0,1,0,0,0,0,0,0,1,0,1,0,1,0,0,0,0,0,0,0
Chrna2,ENSMUST00000022620,0,0,0,0,1,0,0,0,0,0,1,0,0,0,0,0,0,1,0,1
Cldn5,ENSMUST00000043577,0,0,1,0,0,1,0,1,0,0,0,0,0,0,1,0,0,0,0,0
Clrn1,ENSMUST00000072551,0,1,0,0,0,0,0,1,0,1,0,0,0,1,0,0,0,0,0,0
Cntnap5b,ENSMUST00000188735,0,0,0,0,0,0,0,1,0,0,0,0,0,1,0,0,1,1,0,0
Cobll1,ENSMUST00000090896,0,0,0,1,0,0,0,0,0,0,0,1,0,0,0,0,0,0,1,1
Col14a1,ENSMUST00000023053,0,0,0,0,0,0,0,0,0,1,0,0,0,0,0,1,0,0,1,1
Col15a1,ENSMUST00000107730,0,0,0,0,1,0,0,0,0,0,0,0,0,0,1,1,0,0,0,1
Col23a1,ENSMUST00000102765,0,0,0,0,0,0,0,0,1,0,0,0,0,0,0,0,1,0,0,1
Col24a1,ENSMUST00000029848,0,0,0,0,0,1,0,0,0,1,1,0,0,0,0,0,0,0,1,0
Col25a1,ENSMUST00000106353,1,0,0,0,0,0,1,0,0,0,0,0,0,1,0,1,0,0,0,0
Corin,ENSMUST00000167460,0,0,0,0,1,0,0,0,0,0,0,1,0,0,0,0,0,0,0,1
Cplx3,ENSMUST00000045068,0,0,0,0,0,1,0,1,0,0,0,0,0,0,0,1,0,0,1,0
Crhr2,ENSMUST00000003568,0,1,0,0,1,0,0,0,0,0,0,0,0,0,0,0,0,1,0,0
Crispld2,ENSMUST00000132583,0,0,0,0,0,0,0,0,0,0,1,0,0,0,1,1,0,1,0,0
Cspg4,ENSMUST00000035661,0,0,0,0,0,1,1,0,0,0,0,0,0,0,1,1,0,0,0,0
Ctss,ENSMUST00000116304,0,0,0,1,1,0,0,0,0,1,0,0,0,1,0,0,0,0,0,0
Cux2,ENSMUST00000111752,0,0,1,0,0,0,0,1,0,0,0,0,0,0,0,0,0,1,0,1
Cxcl14,ENSMUST00000021970,0,1,0,0,0,0,0,0,1,1,0,0,0,0,0,0,0,0,0,0
Daam2,ENSMUST00000224595,0,0,0,0,0,0,1,0,0,0,0,0,1,0,0,1,1,0,0,0
Dmkn,ENSMUST00000041703,0,0,0,0,1,0,0,0,0,1,0,0,0,0,1,0,0,0,1,0
Dnase1l3,ENSMUST00000026315,0,0,0,1,0,0,0,0,0,1,0,0,0,0,0,0,1,0,1,0
Dscaml1,ENSMUST00000034592,0,0,1,1,0,0,0,0,0,0,0,0,0,1,0,1,0,0,0,0
Egfem1,ENSMUST00000119598,0,0,0,0,0,0,0,1,0,0,0,1,1,0,1,0,0,0,0,0
Egfr,ENSMUST00000020329,0,0,1,0,0,0,1,0,0,0,0,0,1,0,0,0,0,0,0,0
Egln3,ENSMUST00000039516,0,0,0,0,0,1,0,0,0,0,0,0,1,0,0,0,0,0,1,0
Egr2,ENSMUST00000048289,0,0,1,0,1,0,0,0,0,0,0,0,0,0,0,0,0,0,1,1
Elfn1,ENSMUST00000050519,1,0,0,0,0,0,0,0,0,1,0,0,0,0,0,0,0,0,1,0
Enpp6,ENSMUST00000039840,0,1,0,0,0,1,0,0,0,0,0,1,0,0,1,0,0,0,0,0
Epha7,ENSMUST00000080934,0,0,0,0,1,0,1,0,0,0,0,0,0,0,1,0,0,1,0,0
Fam19a2,ENSMUST00000050756,0,0,1,0,0,0,0,0,0,0,0,0,0,0,0,1,1,0,0,0
Fam84b,ENSMUST00000100635,0,0,0,0,1,0,0,0,1,0,0,1,1,0,0,0,0,0,0,0
Fbxl7,ENSMUST00000059204,1,0,1,0,0,0,0,1,0,0,0,0,0,1,0,0,0,0,0,0
Fezf2,ENSMUST00000022262,0,0,0,0,0,1,0,0,1,1,0,0,0,0,0,1,0,0,0,0
Flrt3,ENSMUST00000110057,1,0,0,0,0,0,0,0,0,0,0,0,1,1,0,0,1,0,0,0
Flt1,ENSMUST00000031653,0,0,0,0,0,1,0,0,1,0,0,0,0,0,0,0,0,0,1,1
Fndc7,ENSMUST00000102620,1,1,0,0,0,0,0,0,0,0,0,1,0,1,0,0,0,0,0,0
Fosb,ENSMUST00000208505,0,0,0,0,0,1,1,0,0,0,0,1,0,0,0,0,0,0,0,0
Foxp2,ENSMUST00000031545,0,0,1,0,0,0,0,0,1,0,0,0,0,1,0,0,0,0,0,0
Frem2,ENSMUST00000091137,0,1,0,0,0,0,0,0,0,0,1,0,0,0,0,0,0,0,0,1
Fst,ENSMUST00000022287,0,0,0,1,0,0,1,1,0,0,0,0,0,1,0,0,0,0,0,0
Gfap,ENSMUST00000067444,1,0,0,0,0,1,0,0,0,1,0,0,0,0,0,0,1,0,0,0
Glra1,ENSMUST00000102716,0,0,1,0,1,0,0,0,0,1,0,0,0,0,0,1,0,0,0,0
Gpc6,ENSMUST00000125435,1,1,0,0,0,0,0,0,0,0,0,0,0,0,1,0,0,0,0,1
Grik1,ENSMUST00000072256,0,0,0,0,0,1,0,0,0,0,0,0,0,0,1,0,0,0,0,0
Grin3a,ENSMUST00000076674,1,1,0,0,0,0,1,0,0,0,1,0,0,0,0,0,0,0,0,0
Grm1,ENSMUST00000044306,0,0,0,0,0,1,0,0,0,0,0,1,0,1,0,0,0,1,0,0
Grm8,ENSMUST00000115323,0,1,0,0,0,0,0,1,0,0,0,0,0,0,1,0,1,0,0,0
Hpse,ENSMUST00000045617,0,0,1,0,0,0,0,0,0,1,0,1,0,1,0,0,0,0,0,0
Hs3st5,ENSMUST00000168572,0,0,0,0,1,0,0,0,0,0,0,1,0,0,0,0,0,1,0,0
Igf2,ENSMUST00000097936,1,0,0,0,0,1,0,0,0,0,1,0,0,0,0,0,0,0,0,0
Igfbp4,ENSMUST00000017637,0,0,0,0,0,1,0,0,0,1,0,0,1,1,0,0,0,0,0,0
Igfbp5,ENSMUST00000027377,1,0,1,0,0,0,0,0,0,0,0,0,0,0,0,0,1,1,0,0
Ikzf2,ENSMUST00000027146,0,0,0,0,0,1,0,1,1,0,1,0,0,0,0,0,0,0,0,0
Il1rapl2,ENSMUST00000113063,0,0,1,0,0,0,1,0,1,0,0,0,0,0,0,0,0,0,0,1
Il4ra,ENSMUST00000033004,0,0,1,1,0,0,0,0,0,0,0,0,0,0,0,0,0,0,0,1
Inpp4b,ENSMUST00000213285,0,0,0,0,0,0,0,0,1,0,1,1,0,0,0,0,1,0,0,0
Iqgap2,ENSMUST00000068603,0,0,0,0,0,0,0,1,0,0,0,0,1,1,0,0,0,0,0,1
Itgb8,ENSMUST00000026360,1,0,0,0,1,0,0,0,0,0,0,0,1,0,0,0,0,0,1,0
Kcng1,ENSMUST00000109191,0,0,0,0,0,0,0,0,0,1,0,1,1,0,0,0,0,1,0,0
Kcnj8,ENSMUST00000203945,1,0,0,1,0,1,0,0,0,0,0,0,0,0,0,0,0,0,1,0
L3mbtl4,ENSMUST00000124543,0,0,1,0,0,0,0,0,0,0,0,0,0,0,1,1,0,0,1,0
Lama3,ENSMUST00000188815,1,0,0,0,0,0,0,1,0,1,0,1,0,0,0,0,0,0,0,0
Lhx6,ENSMUST00000112966,0,0,0,0,0,0,0,1,0,1,0,0,0,0,1,0,0,1,0,0
Lmo1,ENSMUST00000036992,0,0,0,0,0,0,0,0,1,0,0,0,1,0,0,0,0,1,0,0
Lsp1,ENSMUST00000149521,0,1,0,0,0,1,0,0,0,0,0,0,0,0,0,1,0,0,0,0
Ltf,ENSMUST00000035077,1,0,0,1,0,0,0,1,0,0,0,0,0,0,0,1,0,0,0,0
Luzp2,ENSMUST00000082373,0,0,0,0,0,0,0,0,0,0,0,0,1,0,1,0,0,0,1,0
Lypd1,ENSMUST00000159417,0,0,0,0,1,0,0,1,1,0,0,0,0,0,1,0,0,0,0,0
Lyzl4,ENSMUST00000077706,1,0,0,0,0,0,0,0,0,0,0,1,0,0,1,0,0,1,0,0
1-Mar,ENSMUST00000072482,0,0,0,0,1,0,0,0,0,1,0,0,0,0,0,0,1,0,0,0
Marcksl1,ENSMUST00000062356,0,0,0,0,0,0,0,0,0,1,0,0,0,1,0,0,0,0,1,0
Meis2,ENSMUST00000110906,1,1,0,0,0,1,0,0,0,0,0,0,0,0,0,0,0,1,0,0
Moxd1,ENSMUST00000095784,0,0,0,0,0,0,0,0,0,0,0,0,0,1,0,1,0,1,0,0
Mrc1,ENSMUST00000028045,0,0,0,0,1,1,0,0,0,0,0,0,0,1,0,0,0,0,0,0
Mrgprx2,ENSMUST00000098433,0,0,0,0,1,1,0,0,0,0,1,0,0,0,1,0,0,0,0,0
Muc20,ENSMUST00000115116,0,0,0,1,0,0,1,0,0,0,0,0,1,0,0,0,0,0,0,1
Myh14,ENSMUST00000107899,0,0,0,1,0,0,0,0,0,1,0,1,0,0,0,1,0,0,0,0
Ndst4,ENSMUST00000173932,0,0,1,0,0,0,0,0,0,0,0,0,1,1,0,0,0,1,0,0
Nhs,ENSMUST00000087085,0,0,0,0,0,0,0,1,0,1,1,0,0,0,0,1,0,0,0,0
Nkain3,ENSMUST00000119374,0,0,0,0,0,0,0,0,1,1,1,0,0,0,0,0,0,0,0,1
Nnmt,ENSMUST00000034808,1,0,0,0,0,0,1,0,0,0,0,0,0,0,0,0,0,1,0,0
Nos1,ENSMUST00000142742,0,0,0,0,0,0,1,1,0,0,0,0,0,0,1,0,0,0,1,0
Npas1,ENSMUST00000210748,0,0,0,0,0,0,1,0,1,1,0,0,0,0,1,0,0,0,0,0
Npnt,ENSMUST00000117811,1,0,0,0,0,0,0,0,1,0,0,1,0,0,0,0,0,0,1,0
Npsr1,ENSMUST00000059650,0,1,0,0,0,0,0,0,1,0,0,0,0,1,0,0,0,0,1,0
Npy2r,ENSMUST00000098997,0,0,0,1,0,0,0,1,0,0,0,0,0,0,0,0,0,1,0,0
Nr2f2,ENSMUST00000032768,0,0,1,0,0,0,0,0,0,0,0,0,0,1,0,0,1,0,0,1
Nr4a1,ENSMUST00000023779,0,1,0,0,0,0,0,0,0,0,0,0,0,0,1,1,0,0,0,0
Nr4a2,ENSMUST00000028166,0,1,0,0,0,0,0,0,0,0,0,1,1,0,0,0,1,0,0,0
Ntng2,ENSMUST00000102873,0,0,0,0,0,0,0,0,1,0,0,0,0,0,1,0,0,1,1,0
Nxph1,ENSMUST00000160300,0,0,0,0,0,0,0,0,1,0,0,0,1,0,0,0,0,0,0,1
Nxph2,ENSMUST00000102945,0,0,0,0,0,0,0,0,0,0,0,1,0,0,1,1,0,0,0,0
Nxph4,ENSMUST00000095266,0,0,0,1,0,0,0,1,1,0,0,0,0,0,0,0,1,0,0,0
Olah,ENSMUST00000027955,0,0,0,1,0,0,0,0,1,0,0,0,0,1,0,0,0,1,0,0
Olfm3,ENSMUST00000051309,1,1,0,0,1,0,0,0,0,0,0,0,0,0,0,1,0,0,0,0
Opalin,ENSMUST00000087176,0,0,0,0,0,0,0,0,0,1,1,0,0,0,0,0,1,0,0,0
Oprk1,ENSMUST00000160777,0,0,0,0,0,0,1,0,0,0,1,1,0,1,0,0,0,0,0,0
Osr1,ENSMUST00000057021,0,0,0,0,1,0,1,0,0,0,1,0,0,0,0,1,0,0,0,0
Otof,ENSMUST00000074171,0,1,0,0,0,1,1,0,0,0,0,0,0,0,0,0,0,0,0,0
Parm1,ENSMUST00000040576,0,0,0,1,0,0,1,0,1,0,0,0,0,0,0,0,0,0,0,0
Pcdh8,ENSMUST00000195355,0,0,1,0,0,0,0,0,0,0,0,1,0,0,1,0,1,0,0,0
Pde11a,ENSMUST00000099992,0,0,0,1,0,0,0,0,0,1,0,0,0,0,1,0,0,0,0,0
Pdgfc,ENSMUST00000029652,0,1,1,0,0,0,0,0,0,0,0,0,1,0,1,0,0,0,0,0
Pdgfra,ENSMUST00000000476,0,0,0,0,0,0,1,0,0,0,0,0,0,0,0,1,0,1,0,1
Pdlim5,ENSMUST00000029941,0,1,0,0,0,0,0,0,0,0,1,0,0,0,0,0,0,1,0,0
Phactr2,ENSMUST00000105545,0,0,0,0,0,0,1,0,1,0,0,0,0,1,0,0,1,0,0,0
Plch1,ENSMUST00000175947,0,0,0,0,0,0,1,1,0,0,0,0,1,0,0,0,0,0,0,0
Plcxd3,ENSMUST00000061925,1,0,0,0,0,1,0,0,0,0,0,1,0,0,0,0,0,0,0,1
Pld5,ENSMUST00000065967,0,0,1,0,0,0,0,1,0,0,0,0,1,0,0,0,1,0,0,0
Plekhg3,ENSMUST00000219063,0,0,1,0,0,0,1,1,0,0,0,0,0,0,0,1,0,0,0,0
Pou3f1,ENSMUST00000053491,1,0,0,0,0,0,0,0,0,0,0,0,0,0,0,1,0,1,0,0
Pou3f3,ENSMUST00000054883,0,0,0,1,0,0,0,0,0,0,1,0,1,0,1,0,0,0,0,0
Pou6f2,ENSMUST00000139064,0,0,0,1,0,1,0,0,0,0,1,0,0,0,0,0,1,0,0,0
Prdm8,ENSMUST00000210477,0,1,0,0,0,1,0,1,0,0,0,0,1,0,0,0,0,0,0,0
Prok2,ENSMUST00000101120,0,0,0,0,1,0,0,0,0,0,0,1,0,1,0,1,0,0,0,0
Prokr2,ENSMUST00000110157,0,0,0,1,0,0,0,0,1,0,0,0,0,0,0,1,0,0,0,0
Prox1,ENSMUST00000175916,0,0,1,0,0,0,0,0,0,0,0,1,0,0,0,0,0,0,1,0
Prr16,ENSMUST00000116639,0,0,0,1,0,0,0,1,0,0,1,1,0,0,0,0,0,0,0,0
Prss12,ENSMUST00000029603,0,1,0,0,0,1,0,0,0,0,0,0,0,1,0,0,0,0,0,1
Prss23,ENSMUST00000207932,0,0,0,0,1,0,0,0,0,0,1,0,0,0,0,0,0,0,0,0
Ptger3,ENSMUST00000173533,0,0,0,0,0,0,0,0,0,0,0,0,1,0,0,0,1,0,0,0
Ptprk,ENSMUST00000166468,0,1,1,0,0,0,0,0,0,0,0,0,0,0,0,0,0,0,1,0
Ptprm,ENSMUST00000037974,0,0,0,0,0,0,1,1,1,0,0,0,0,0,0,0,0,1,0,0
Ptprt,ENSMUST00000109445,0,0,0,0,0,0,0,0,0,0,1,1,0,0,0,0,0,0,0,1
Ptpru,ENSMUST00000105987,0,1,1,0,0,0,0,1,0,0,0,1,0,0,0,0,0,0,0,0
Pxdc1,ENSMUST00000053459,0,0,1,1,0,0,0,0,1,0,0,0,1,0,0,0,0,0,0,0
Ramp1,ENSMUST00000097648,0,0,0,0,0,0,0,0,1,0,0,0,1,1,0,1,0,0,0,0
Reln,ENSMUST00000161356,0,0,1,0,0,0,0,0,0,0,1,0,0,0,0,0,0,1,1,0
Rerg,ENSMUST00000117919,0,0,0,0,1,1,0,0,0,0,0,0,0,0,0,1,0,1,0,0
Rfx3,ENSMUST00000165566,0,1,0,0,0,0,1,0,0,0,0,0,0,0,1,0,0,0,0,0
Rgs5,ENSMUST00000027997,0,0,0,1,0,0,0,0,0,0,0,0,1,1,0,0,0,0,0,0
Rgs6,ENSMUST00000186458,0,0,1,1,1,0,0,0,0,0,0,1,0,0,0,0,0,0,0,0
Rnf152,ENSMUST00000172299,0,0,0,0,0,0,0,1,1,1,0,0,0,0,0,0,0,0,1,0
Ror1,ENSMUST00000039630,0,0,0,0,0,0,0,0,0,0,1,0,1,1,0,0,0,0,1,0
Rorb,ENSMUST00000112832,0,0,0,0,0,1,0,1,0,0,0,1,0,0,0,0,1,0,0,0
Rspo1,ENSMUST00000030687,0,1,0,0,0,0,0,0,0,0,0,1,0,0,0,0,0,0,0,0
Rxfp1,ENSMUST00000078527,0,1,0,0,0,0,0,1,0,0,0,0,0,0,0,0,0,0,1,0
Rxfp2,ENSMUST00000065745,0,0,0,0,0,1,0,0,0,0,1,0,0,0,0,1,0,0,0,1
Satb2,ENSMUST00000177424,0,1,0,0,0,0,0,0,0,0,1,0,0,1,0,1,0,0,0,0
Scgn,ENSMUST00000021770,0,0,0,0,0,0,0,1,1,0,0,0,0,0,0,1,0,0,0,1
Sema3e,ENSMUST00000073957,0,0,0,0,0,0,0,0,0,0,0,0,1,0,0,0,1,1,0,1
Sema5a,ENSMUST00000067458,0,0,0,1,0,1,0,0,0,1,0,0,0,0,0,0,0,0,0,0
Serpinf1,ENSMUST00000000769,0,0,0,0,0,0,0,1,0,0,0,1,0,0,0,0,0,0,1,0
Sertm1,ENSMUST00000162201,0,1,0,0,1,0,0,0,0,0,0,0,0,0,0,0,0,0,0,1
Sgcd,ENSMUST00000109220,0,0,0,0,0,0,0,0,0,0,1,0,0,1,1,0,0,0,0,0
Shisa9,ENSMUST00000023138,0,0,0,0,1,0,0,0,0,0,0,0,0,1,1,0,0,0,0,0
Slc17a6,ENSMUST00000032710,0,1,0,0,0,0,0,0,0,0,0,1,0,0,0,0,0,1,0,1
Slc17a8,ENSMUST00000020102,0,0,0,0,0,0,1,0,0,1,0,0,0,0,0,0,0,1,1,0
Slc25a13,ENSMUST00000015256,1,0,0,0,1,1,0,0,0,0,0,0,0,0,0,0,0,0,0,0
Slc30a3,ENSMUST00000031037,0,0,0,0,0,0,0,0,0,1,0,0,0,1,1,0,1,0,0,0
Slc32a1,ENSMUST00000045738,1,0,0,0,0,0,0,1,0,0,0,0,1,0,0,0,0,1,0,0
Slc44a5,ENSMUST00000089948,0,0,0,0,0,1,0,0,0,0,0,0,0,0,1,0,0,1,0,1
Slco5a1,ENSMUST00000188454,0,1,0,1,0,0,0,0,1,0,0,0,0,0,1,0,0,0,0,0
Sncg,ENSMUST00000023826,0,0,0,0,0,0,0,0,0,0,0,0,0,1,0,1,0,0,0,1
Sox10,ENSMUST00000040019,0,0,1,0,1,0,0,1,0,0,1,0,0,0,0,0,0,0,0,0
Sox6,ENSMUST00000206034,0,0,0,0,0,0,0,1,0,0,1,0,0,0,0,0,0,0,1,1
Sp8,ENSMUST00000063918,0,0,1,0,0,0,0,1,0,0,0,0,0,0,0,0,0,0,0,0
Spon1,ENSMUST00000046687,0,0,1,0,0,0,1,0,0,1,1,0,0,0,0,0,0,0,0,0
St6galnac5,ENSMUST00000044278,0,1,0,0,1,0,0,0,1,0,0,0,0,0,0,0,1,0,0,0
Sulf1,ENSMUST00000185780,0,1,0,1,0,0,1,0,0,1,0,0,0,0,0,0,0,0,0,0
Sulf2,ENSMUST00000088086,0,0,0,1,0,1,0,0,1,0,0,1,0,0,0,0,0,0,0,0
Syndig1,ENSMUST00000109935,1,0,0,0,0,0,0,1,0,0,0,0,0,0,0,0,1,0,0,1
Syt10,ENSMUST00000029441,0,0,0,1,0,0,0,0,0,0,0,0,1,0,0,1,0,1,0,0
Syt6,ENSMUST00000090697,0,1,0,1,1,0,0,1,0,0,0,0,0,0,0,0,0,0,0,0
Tbc1d4,ENSMUST00000100340,0,0,0,1,0,0,0,0,0,0,0,0,0,1,1,0,0,0,1,0
Tcap,ENSMUST00000008021,1,0,1,1,0,0,1,0,0,0,0,0,0,0,0,0,0,0,0,0
Teddm3,ENSMUST00000170665,0,1,0,0,1,0,1,0,0,0,0,0,0,1,0,0,0,0,0,0
Tenm3,ENSMUST00000033965,0,0,0,1,1,1,0,0,0,0,0,0,1,0,0,0,0,0,0,0
Th,ENSMUST00000000219,0,0,0,1,1,0,0,0,0,0,0,0,0,0,0,0,0,0,1,0
Thbs2,ENSMUST00000170872,0,0,0,0,0,1,0,0,0,0,0,0,0,0,0,0,1,0,1,0
Thsd7a,ENSMUST00000172356,0,0,0,0,1,0,0,0,0,0,0,0,0,1,0,0,1,0,1,0
Timp3,ENSMUST00000020234,0,1,0,0,0,0,0,0,0,1,0,0,0,0,0,0,1,1,0,0
Tmem163,ENSMUST00000160616,0,0,0,0,0,0,1,0,0,0,1,0,0,0,1,0,0,0,0,1
Tmtc2,ENSMUST00000061506,0,0,0,0,0,0,1,0,0,0,0,1,0,0,1,0,0,0,0,0
Tnfaip6,ENSMUST00000065927,1,0,0,0,0,0,0,0,0,0,1,1,0,0,0,1,0,0,0,0
Tox,ENSMUST00000039987,0,0,0,0,0,0,0,0,0,0,0,0,0,0,1,0,1,0,1,0
Trp53i11,ENSMUST00000090554,0,0,0,0,1,0,0,0,0,0,1,0,1,0,0,0,1,0,0,0
Trpc4,ENSMUST00000029311,0,0,0,0,0,1,1,0,0,0,1,0,0,0,0,0,0,1,0,0
Trpc6,ENSMUST00000050433,0,1,0,1,0,0,0,0,0,0,0,0,0,0,0,0,0,1,1,0
Tshz2,ENSMUST00000109159,0,0,0,0,0,0,1,0,0,0,0,0,0,1,0,0,0,1,0,0
Tunar,ENSMUST00000180458,0,0,1,0,0,0,0,0,0,1,0,0,0,0,1,0,0,0,0,1
Ubash3b,ENSMUST00000044155,1,0,0,0,0,0,0,0,0,0,0,0,0,1,0,0,0,0,0,0
Unc13c,ENSMUST00000184666,0,0,1,0,0,1,0,0,0,1,0,0,0,0,0,0,0,1,0,0
Unc5b,ENSMUST00000077925,1,0,0,0,0,0,0,0,0,1,0,0,1,0,1,0,0,0,0,0
Unc5d,ENSMUST00000168630,0,1,0,0,0,0,1,0,0,0,0,0,0,0,0,0,1,0,1,0
Ust,ENSMUST00000061601,0,1,1,0,0,1,0,0,0,0,0,0,0,0,0,0,1,0,0,0
Vipr2,ENSMUST00000011315,0,0,1,0,0,1,0,0,0,0,0,1,1,0,0,0,0,0,0,0
Vtn,ENSMUST00000017488,1,0,0,1,0,0,0,0,0,0,0,0,0,0,0,0,1,0,0,0
Vwc2,ENSMUST00000109681,0,1,0,0,0,0,0,0,0,0,0,0,0,1,1,0,0,1,0,0
Wipf3,ENSMUST00000163746,0,0,0,0,0,1,0,0,0,0,1,0,0,1,0,0,0,0,0,0
Wnt7b,ENSMUST00000023015,1,0,0,0,1,0,0,0,0,0,1,0,0,1,0,0,0,0,0,0
Zfp804b,ENSMUST00000200317,0,1,0,0,0,0,0,0,0,0,0,0,1,0,0,1,0,0,1,0
Blank-1,nan,1,0,1,0,0,0,0,0,1,0,0,0,0,0,0,0,0,0,0,0
Blank-2,nan,0,0,0,0,0,0,0,1,0,0,0,0,0,0,0,1,1,0,0,0
Blank-3,nan,1,0,0,0,0,0,0,0,0,0,0,0,0,0,0,1,0,0,0,1
Blank-4,nan,1,0,0,0,1,0,0,0,0,0,0,0,0,0,1,0,0,0,0,0
Blank-5,nan,0,1,1,1,0,0,0,0,0,0,1,0,0,0,0,0,0,0,0,0
Blank-6,nan,0,0,0,0,1,0,0,0,0,1,0,0,1,0,0,0,0,0,0,0
Blank-7,nan,0,0,0,0,0,0,0,0,0,0,0,1,0,1,1,0,0,0,0,1
Blank-8,nan,1,0,0,0,0,0,0,1,1,0,0,0,0,0,0,0,0,0,0,0
Blank-9,nan,0,0,0,0,0,0,0,0,1,0,1,0,0,0,0,1,0,0,1,0
Blank-10,nan,0,0,1,0,0,0,0,0,1,0,1,0,0,0,1,0,0,0,0,0
